Datetime,Water Level (m)
2025-09-04 12:00:00,-0.15922706
2025-09-04 13:00:00,0.39008886
2025-09-04 14:00:00,0.9332183
2025-09-04 15:00:00,1.3157464
2025-09-04 16:00:00,1.4387946
2025-09-04 17:00:00,1.2904212
2025-09-04 18:00:00,0.8781794
2025-09-04 19:00:00,0.2902122
2025-09-04 20:00:00,-0.3255897
2025-09-04 21:00:00,-0.8071949
2025-09-04 22:00:00,-0.96839845
2025-09-04 23:00:00,-0.71881396
2025-09-05 00:00:00,-0.12557675
2025-09-05 01:00:00,0.5824243
2025-09-05 02:00:00,1.2667311
2025-09-05 03:00:00,1.792594
2025-09-05 04:00:00,1.9859399
2025-09-05 05:00:00,1.8584075
2025-09-05 06:00:00,1.4232674
2025-09-05 07:00:00,0.7523464
2025-09-05 08:00:00,-0.028775021
2025-09-05 09:00:00,-0.74011695
2025-09-05 10:00:00,-1.1825184
2025-09-05 11:00:00,-1.2054673
2025-09-05 12:00:00,-0.7381114
2025-09-05 13:00:00,0.008063644
2025-09-05 14:00:00,0.75585055
2025-09-05 15:00:00,1.3726683
2025-09-05 16:00:00,1.7393179
2025-09-05 17:00:00,1.7014141
2025-09-05 18:00:00,1.340003
2025-09-05 19:00:00,0.72586864
2025-09-05 20:00:00,-0.017476393
2025-09-05 21:00:00,-0.7353742
2025-09-05 22:00:00,-1.2359978
2025-09-05 23:00:00,-1.2957345
2025-09-06 00:00:00,-0.78223515
2025-09-06 01:00:00,0.056940403
2025-09-06 02:00:00,0.9150862
2025-09-06 03:00:00,1.6733971
2025-09-06 04:00:00,2.1793864
2025-09-06 05:00:00,2.223973
2025-09-06 06:00:00,1.8766818
2025-09-06 07:00:00,1.1976742
2025-09-06 08:00:00,0.35002908
2025-09-06 09:00:00,-0.5222151
2025-09-06 10:00:00,-1.2201526
2025-09-06 11:00:00,-1.5328693
2025-09-06 12:00:00,-1.2735211
2025-09-06 13:00:00,-0.4919699
2025-09-06 14:00:00,0.4167219
2025-09-06 15:00:00,1.236404
2025-09-06 16:00:00,1.8615346
2025-09-06 17:00:00,2.09215
2025-09-06 18:00:00,1.8518367
2025-09-06 19:00:00,1.2571671
2025-09-06 20:00:00,0.4564817
2025-09-06 21:00:00,-0.42205814
2025-09-06 22:00:00,-1.1648818
2025-09-06 23:00:00,-1.5636
2025-09-07 00:00:00,-1.35013
2025-09-07 01:00:00,-0.50135213
2025-09-07 02:00:00,0.48864093
2025-09-07 03:00:00,1.371909
2025-09-07 04:00:00,2.095275
2025-09-07 05:00:00,2.431593
2025-09-07 06:00:00,2.2738566
2025-09-07 07:00:00,1.6991428
2025-09-07 08:00:00,0.85634077
2025-09-07 09:00:00,-0.10440113
2025-09-07 10:00:00,-1.0036463
2025-09-07 11:00:00,-1.6213896
2025-09-07 12:00:00,-1.7253342
2025-09-07 13:00:00,-1.0872267
2025-09-07 14:00:00,-0.043997444
2025-09-07 15:00:00,0.92529
2025-09-07 16:00:00,1.738296
2025-09-07 17:00:00,2.2672327
2025-09-07 18:00:00,2.2561035
2025-09-07 19:00:00,1.783997
2025-09-07 20:00:00,0.9830655
2025-09-07 21:00:00,0.06079233
2025-09-07 22:00:00,-0.85337746
2025-09-07 23:00:00,-1.5462793
2025-09-08 00:00:00,-1.7740066
2025-09-08 01:00:00,-1.2598482
2025-09-08 02:00:00,-0.20652537
2025-09-08 03:00:00,0.8518426
2025-09-08 04:00:00,1.7818395
2025-09-08 05:00:00,2.4470258
2025-09-08 06:00:00,2.5726507
2025-09-08 07:00:00,2.1750216
2025-09-08 08:00:00,1.3664286
2025-09-08 09:00:00,0.40175346
2025-09-08 10:00:00,-0.59843075
2025-09-08 11:00:00,-1.4384321
2025-09-08 12:00:00,-1.8918555
2025-09-08 13:00:00,-1.6534476
2025-09-08 14:00:00,-0.6805866
2025-09-08 15:00:00,0.43025684
2025-09-08 16:00:00,1.3963685
2025-09-08 17:00:00,2.1745994
2025-09-08 18:00:00,2.5299518
2025-09-08 19:00:00,2.3000886
2025-09-08 20:00:00,1.615417
2025-09-08 21:00:00,0.69128436
2025-09-08 22:00:00,-0.30467084
2025-09-08 23:00:00,-1.2010003
2025-09-09 00:00:00,-1.781783
2025-09-09 01:00:00,-1.7638088
2025-09-09 02:00:00,-0.93202794
2025-09-09 03:00:00,0.2138875
2025-09-09 04:00:00,1.2376355
2025-09-09 05:00:00,2.094026
2025-09-09 06:00:00,2.5892842
2025-09-09 07:00:00,2.4784575
2025-09-09 08:00:00,1.8764025
2025-09-09 09:00:00,0.954034
2025-09-09 10:00:00,-0.05793846
2025-09-09 11:00:00,-1.0254827
2025-09-09 12:00:00,-1.74805
2025-09-09 13:00:00,-1.9589862
2025-09-09 14:00:00,-1.3433878
2025-09-09 15:00:00,-0.19292994
2025-09-09 16:00:00,0.8875262
2025-09-09 17:00:00,1.8182048
2025-09-09 18:00:00,2.483379
2025-09-09 19:00:00,2.5853531
2025-09-09 20:00:00,2.1450481
2025-09-09 21:00:00,1.3077381
2025-09-09 22:00:00,0.34246445
2025-09-09 23:00:00,-0.64287674
2025-09-10 00:00:00,-1.4474893
2025-09-10 01:00:00,-1.85148
2025-09-10 02:00:00,-1.5312272
2025-09-10 03:00:00,-0.5099616
2025-09-10 04:00:00,0.58576083
2025-09-10 05:00:00,1.5416543
2025-09-10 06:00:00,2.293913
2025-09-10 07:00:00,2.567501
2025-09-10 08:00:00,2.2485986
2025-09-10 09:00:00,1.4917346
2025-09-10 10:00:00,0.54418683
2025-09-10 11:00:00,-0.46221164
2025-09-10 12:00:00,-1.334699
